diag_type,time_point,feature_set,auc,n_train,n_test,n_pos_train,n_pos_test,n_features,status
acute_kidney_injury,0,demo_protein,0.8605107193901859,42077,10520,100,25,2926.0,completed
acute_kidney_injury,0,demo_blood,0.8251414959504526,42077,10520,100,25,67.0,completed
acute_kidney_injury,0,demo_protein_blood,0.8263535016674606,42077,10520,100,25,2987.0,completed
acute_kidney_injury,0,demo_protein_top50,0.8769070986183898,42077,10520,100,25,56.0,completed
acute_kidney_injury,0,demo_blood_top50,0.8223878037160554,42077,10520,100,25,56.0,completed
acute_kidney_injury,0,demo_protein_blood_top50,0.8449547403525488,42077,10520,100,25,56.0,completed
acute_kidney_injury,1,demo_protein,0.7416444168971107,41977,10495,34,8,2926.0,completed
acute_kidney_injury,1,demo_blood,0.8127383903880996,41977,10495,34,8,67.0,completed
acute_kidney_injury,1,demo_protein_blood,0.7773314579956137,41977,10495,34,8,2987.0,completed
acute_kidney_injury,1,demo_protein_top50,0.7716935253170591,41977,10495,34,8,56.0,completed
acute_kidney_injury,1,demo_blood_top50,0.8129827405359017,41977,10495,34,8,56.0,completed
acute_kidney_injury,1,demo_protein_blood_top50,0.7602627062076857,41977,10495,34,8,56.0,completed
acute_kidney_injury,2,demo_protein,0.8896632548843839,41977,10495,96,26,2926.0,completed
acute_kidney_injury,2,demo_blood,0.862954363431964,41977,10495,96,26,67.0,completed
acute_kidney_injury,2,demo_protein_blood,0.8944172171318986,41977,10495,96,26,2987.0,completed
acute_kidney_injury,2,demo_protein_top50,0.8691760288617677,41977,10495,96,26,56.0,completed
acute_kidney_injury,2,demo_blood_top50,0.8549637390978494,41977,10495,96,26,56.0,completed
acute_kidney_injury,2,demo_protein_blood_top50,0.873053777820231,41977,10495,96,26,56.0,completed
acute_kidney_injury,5,demo_protein,0.8793118128345675,41977,10495,386,96,2926.0,completed
acute_kidney_injury,5,demo_blood,0.8452265041510402,41977,10495,386,96,67.0,completed
acute_kidney_injury,5,demo_protein_blood,0.8715090793986602,41977,10495,386,96,2987.0,completed
acute_kidney_injury,5,demo_protein_top50,0.8684844496265667,41977,10495,386,96,56.0,completed
acute_kidney_injury,5,demo_blood_top50,0.8449605530980543,41977,10495,386,96,56.0,completed
acute_kidney_injury,5,demo_protein_blood_top50,0.8654713393916081,41977,10495,386,96,56.0,completed
acute_kidney_injury,10,demo_protein,0.8226867218306788,41977,10495,1447,369,2926.0,completed
acute_kidney_injury,10,demo_blood,0.8114408854931923,41977,10495,1447,369,67.0,completed
acute_kidney_injury,10,demo_protein_blood,0.8230112238906311,41977,10495,1447,369,2987.0,completed
acute_kidney_injury,10,demo_protein_top50,0.8175729708116753,41977,10495,1447,369,56.0,completed
acute_kidney_injury,10,demo_blood_top50,0.809617652269748,41977,10495,1447,369,56.0,completed
acute_kidney_injury,10,demo_protein_blood_top50,0.8139184754478396,41977,10495,1447,369,56.0,completed
alzheimers_disease,0,demo_protein,,42077,10520,7,2,,insufficient_positives
alzheimers_disease,0,demo_blood,,42077,10520,7,2,,insufficient_positives
alzheimers_disease,0,demo_protein_blood,,42077,10520,7,2,,insufficient_positives
alzheimers_disease,0,demo_protein_top50,,42077,10520,7,2,,insufficient_positives
alzheimers_disease,0,demo_blood_top50,,42077,10520,7,2,,insufficient_positives
alzheimers_disease,0,demo_protein_blood_top50,,42077,10520,7,2,,insufficient_positives
alzheimers_disease,1,demo_protein,,42070,10518,5,1,,insufficient_positives
alzheimers_disease,1,demo_blood,,42070,10518,5,1,,insufficient_positives
alzheimers_disease,1,demo_protein_blood,,42070,10518,5,1,,insufficient_positives
alzheimers_disease,1,demo_protein_top50,,42070,10518,5,1,,insufficient_positives
alzheimers_disease,1,demo_blood_top50,,42070,10518,5,1,,insufficient_positives
alzheimers_disease,1,demo_protein_blood_top50,,42070,10518,5,1,,insufficient_positives
alzheimers_disease,2,demo_protein,0.5350137924474461,42070,10518,16,5,2926.0,completed
alzheimers_disease,2,demo_blood,0.5654713212213449,42070,10518,16,5,67.0,completed
alzheimers_disease,2,demo_protein_blood,0.5255207837914962,42070,10518,16,5,2987.0,completed
alzheimers_disease,2,demo_protein_top50,0.6422904974793113,42070,10518,16,5,56.0,completed
alzheimers_disease,2,demo_blood_top50,0.6794444972890706,42070,10518,16,5,56.0,completed
alzheimers_disease,2,demo_protein_blood_top50,0.5655093693522306,42070,10518,16,5,56.0,completed
alzheimers_disease,5,demo_protein,0.9069108401600304,42070,10518,80,20,2926.0,completed
alzheimers_disease,5,demo_blood,0.7272099447513812,42070,10518,80,20,67.0,completed
alzheimers_disease,5,demo_protein_blood,0.9089493236807011,42070,10518,80,20,2987.0,completed
alzheimers_disease,5,demo_protein_top50,0.8882215660125738,42070,10518,80,20,56.0,completed
alzheimers_disease,5,demo_blood_top50,0.7480234330348638,42070,10518,80,20,56.0,completed
alzheimers_disease,5,demo_protein_blood_top50,0.8882215660125738,42070,10518,80,20,56.0,completed
alzheimers_disease,10,demo_protein,0.9186497566938003,42070,10518,328,79,2926.0,completed
alzheimers_disease,10,demo_blood,0.8525781483991992,42070,10518,328,79,67.0,completed
alzheimers_disease,10,demo_protein_blood,0.9187479764903036,42070,10518,328,79,2987.0,completed
alzheimers_disease,10,demo_protein_top50,0.9151308202808117,42070,10518,328,79,56.0,completed
alzheimers_disease,10,demo_blood_top50,0.8499116628126512,42070,10518,328,79,56.0,completed
alzheimers_disease,10,demo_protein_blood_top50,0.9160390502509456,42070,10518,328,79,56.0,completed
anxiety_disorders,0,demo_protein,0.5759550618299436,42077,10520,1766,442,2926.0,completed
anxiety_disorders,0,demo_blood,0.5717882417595246,42077,10520,1766,442,67.0,completed
anxiety_disorders,0,demo_protein_blood,0.5799076030491578,42077,10520,1766,442,2987.0,completed
anxiety_disorders,0,demo_protein_top50,0.5735344628638699,42077,10520,1766,442,56.0,completed
anxiety_disorders,0,demo_blood_top50,0.5710050968957965,42077,10520,1766,442,56.0,completed
anxiety_disorders,0,demo_protein_blood_top50,0.5642580631257189,42077,10520,1766,442,56.0,completed
anxiety_disorders,1,demo_protein,0.5704579821160417,40311,10078,76,19,2926.0,completed
anxiety_disorders,1,demo_blood,0.4535085103154546,40311,10078,76,19,67.0,completed
anxiety_disorders,1,demo_protein_blood,0.6044704663537759,40311,10078,76,19,2987.0,completed
anxiety_disorders,1,demo_protein_top50,0.5811083031168736,40311,10078,76,19,56.0,completed
anxiety_disorders,1,demo_blood_top50,0.45060982309636305,40311,10078,76,19,56.0,completed
anxiety_disorders,1,demo_protein_blood_top50,0.5811083031168736,40311,10078,76,19,56.0,completed
anxiety_disorders,2,demo_protein,0.6132096882642531,40311,10078,184,47,2926.0,completed
anxiety_disorders,2,demo_blood,0.5791387125443042,40311,10078,184,47,67.0,completed
anxiety_disorders,2,demo_protein_blood,0.6267188736194393,40311,10078,184,47,2987.0,completed
anxiety_disorders,2,demo_protein_top50,0.5786954059437022,40311,10078,184,47,56.0,completed
anxiety_disorders,2,demo_blood_top50,0.5853534892895853,40311,10078,184,47,56.0,completed
anxiety_disorders,2,demo_protein_blood_top50,0.6131757509168387,40311,10078,184,47,56.0,completed
anxiety_disorders,5,demo_protein,0.5706238515720703,40311,10078,633,158,2926.0,completed
anxiety_disorders,5,demo_blood,0.5744567297876686,40311,10078,633,158,67.0,completed
anxiety_disorders,5,demo_protein_blood,0.5736129542670478,40311,10078,633,158,2987.0,completed
anxiety_disorders,5,demo_protein_top50,0.5712720753368723,40311,10078,633,158,56.0,completed
anxiety_disorders,5,demo_blood_top50,0.570182025826868,40311,10078,633,158,56.0,completed
anxiety_disorders,5,demo_protein_blood_top50,0.5588598024703961,40311,10078,633,158,56.0,completed
anxiety_disorders,10,demo_protein,0.6022991044076715,40311,10078,1539,383,2926.0,completed
anxiety_disorders,10,demo_blood,0.5840433482306968,40311,10078,1539,383,67.0,completed
anxiety_disorders,10,demo_protein_blood,0.5972498003735337,40311,10078,1539,383,2987.0,completed
anxiety_disorders,10,demo_protein_top50,0.5917887204650455,40311,10078,1539,383,56.0,completed
anxiety_disorders,10,demo_blood_top50,0.5851025467354846,40311,10078,1539,383,56.0,completed
anxiety_disorders,10,demo_protein_blood_top50,0.5853186684746383,40311,10078,1539,383,56.0,completed
atrial_fibrillation,0,demo_protein,0.8446111618021996,42077,10520,930,233,2926.0,completed
atrial_fibrillation,0,demo_blood,0.799264332540216,42077,10520,930,233,67.0,completed
atrial_fibrillation,0,demo_protein_blood,0.8407715726044497,42077,10520,930,233,2987.0,completed
atrial_fibrillation,0,demo_protein_top50,0.8514968056270029,42077,10520,930,233,56.0,completed
atrial_fibrillation,0,demo_blood_top50,0.8005353646483269,42077,10520,930,233,56.0,completed
atrial_fibrillation,0,demo_protein_blood_top50,0.8519530254235627,42077,10520,930,233,56.0,completed
atrial_fibrillation,1,demo_protein,0.8430925221799748,41147,10287,118,30,2926.0,completed
atrial_fibrillation,1,demo_blood,0.7492509180722108,41147,10287,118,30,67.0,completed
atrial_fibrillation,1,demo_protein_blood,0.83724610834877,41147,10287,118,30,2987.0,completed
atrial_fibrillation,1,demo_protein_top50,0.8059049104676481,41147,10287,118,30,56.0,completed
atrial_fibrillation,1,demo_blood_top50,0.735348217477495,41147,10287,118,30,56.0,completed
atrial_fibrillation,1,demo_protein_blood_top50,0.8084235156478502,41147,10287,118,30,56.0,completed
atrial_fibrillation,2,demo_protein,0.78033557721549,41147,10287,281,76,2926.0,completed
atrial_fibrillation,2,demo_blood,0.7310008814024092,41147,10287,281,76,67.0,completed
atrial_fibrillation,2,demo_protein_blood,0.7758067924683906,41147,10287,281,76,2987.0,completed
atrial_fibrillation,2,demo_protein_top50,0.7843830698575838,41147,10287,281,76,56.0,completed
atrial_fibrillation,2,demo_blood_top50,0.7260475029508942,41147,10287,281,76,56.0,completed
atrial_fibrillation,2,demo_protein_blood_top50,0.7890587550062111,41147,10287,281,76,56.0,completed
atrial_fibrillation,5,demo_protein,0.7984943115314387,41147,10287,845,212,2926.0,completed
atrial_fibrillation,5,demo_blood,0.7413706166019008,41147,10287,845,212,67.0,completed
atrial_fibrillation,5,demo_protein_blood,0.7970808558453111,41147,10287,845,212,2987.0,completed
atrial_fibrillation,5,demo_protein_top50,0.7936424926260592,41147,10287,845,212,56.0,completed
atrial_fibrillation,5,demo_blood_top50,0.7422604054496933,41147,10287,845,212,56.0,completed
atrial_fibrillation,5,demo_protein_blood_top50,0.7954981506624842,41147,10287,845,212,56.0,completed
atrial_fibrillation,10,demo_protein,0.7823920881149656,41147,10287,2005,505,2926.0,completed
atrial_fibrillation,10,demo_blood,0.7489456285640832,41147,10287,2005,505,67.0,completed
atrial_fibrillation,10,demo_protein_blood,0.7820067572081273,41147,10287,2005,505,2987.0,completed
atrial_fibrillation,10,demo_protein_top50,0.7805964076268597,41147,10287,2005,505,56.0,completed
atrial_fibrillation,10,demo_blood_top50,0.7484145460139962,41147,10287,2005,505,56.0,completed
atrial_fibrillation,10,demo_protein_blood_top50,0.7813006714697232,41147,10287,2005,505,56.0,completed
chronic_kidney_disease,0,demo_protein,0.8624317786331998,42077,10520,706,176,2926.0,completed
chronic_kidney_disease,0,demo_blood,0.8973265683224354,42077,10520,706,176,67.0,completed
chronic_kidney_disease,0,demo_protein_blood,0.8776373984918794,42077,10520,706,176,2987.0,completed
chronic_kidney_disease,0,demo_protein_top50,0.8588930012128242,42077,10520,706,176,56.0,completed
chronic_kidney_disease,0,demo_blood_top50,0.896922842842579,42077,10520,706,176,56.0,completed
chronic_kidney_disease,0,demo_protein_blood_top50,0.8867624182661886,42077,10520,706,176,56.0,completed
chronic_kidney_disease,1,demo_protein,0.8607384436476403,41371,10344,98,25,2926.0,completed
chronic_kidney_disease,1,demo_blood,0.8649404012016667,41371,10344,98,25,67.0,completed
chronic_kidney_disease,1,demo_protein_blood,0.8785114836708983,41371,10344,98,25,2987.0,completed
chronic_kidney_disease,1,demo_protein_top50,0.815044093419905,41371,10344,98,25,56.0,completed
chronic_kidney_disease,1,demo_blood_top50,0.8770966178893302,41371,10344,98,25,56.0,completed
chronic_kidney_disease,1,demo_protein_blood_top50,0.8743211551506929,41371,10344,98,25,56.0,completed
chronic_kidney_disease,2,demo_protein,0.8595390171112377,41371,10344,244,63,2926.0,completed
chronic_kidney_disease,2,demo_blood,0.8523281504022677,41371,10344,244,63,67.0,completed
chronic_kidney_disease,2,demo_protein_blood,0.8668402029942736,41371,10344,244,63,2987.0,completed
chronic_kidney_disease,2,demo_protein_top50,0.8451172836932976,41371,10344,244,63,56.0,completed
chronic_kidney_disease,2,demo_blood_top50,0.8507564423817707,41371,10344,244,63,56.0,completed
chronic_kidney_disease,2,demo_protein_blood_top50,0.8534760530675325,41371,10344,244,63,56.0,completed
chronic_kidney_disease,5,demo_protein,0.876524192871698,41371,10344,708,177,2926.0,completed
chronic_kidney_disease,5,demo_blood,0.8925131101564328,41371,10344,708,177,67.0,completed
chronic_kidney_disease,5,demo_protein_blood,0.8870209312392647,41371,10344,708,177,2987.0,completed
chronic_kidney_disease,5,demo_protein_top50,0.8748190528901802,41371,10344,708,177,56.0,completed
chronic_kidney_disease,5,demo_blood_top50,0.8890397591854449,41371,10344,708,177,56.0,completed
chronic_kidney_disease,5,demo_protein_blood_top50,0.8827612765127455,41371,10344,708,177,56.0,completed
chronic_kidney_disease,10,demo_protein,0.8657444174982953,41371,10344,1679,416,2926.0,completed
chronic_kidney_disease,10,demo_blood,0.8612191674285625,41371,10344,1679,416,67.0,completed
chronic_kidney_disease,10,demo_protein_blood,0.873614543947189,41371,10344,1679,416,2987.0,completed
chronic_kidney_disease,10,demo_protein_top50,0.8607637247799541,41371,10344,1679,416,56.0,completed
chronic_kidney_disease,10,demo_blood_top50,0.8601122795667266,41371,10344,1679,416,56.0,completed
chronic_kidney_disease,10,demo_protein_blood_top50,0.8712948372512863,41371,10344,1679,416,56.0,completed
copd,0,demo_protein,0.8127793792953819,42077,10520,975,244,2926.0,completed
copd,0,demo_blood,0.7763326452213977,42077,10520,975,244,67.0,completed
copd,0,demo_protein_blood,0.8118656634271164,42077,10520,975,244,2987.0,completed
copd,0,demo_protein_top50,0.8036924729913407,42077,10520,975,244,56.0,completed
copd,0,demo_blood_top50,0.7781724406383808,42077,10520,975,244,56.0,completed
copd,0,demo_protein_blood_top50,0.8044211324812232,42077,10520,975,244,56.0,completed
copd,1,demo_protein,0.7579676010734645,41102,10276,77,19,2926.0,completed
copd,1,demo_blood,0.6182427405161045,41102,10276,77,19,67.0,completed
copd,1,demo_protein_blood,0.7666805211331928,41102,10276,77,19,2987.0,completed
copd,1,demo_protein_top50,0.7564436097555969,41102,10276,77,19,56.0,completed
copd,1,demo_blood_top50,0.663690522005511,41102,10276,77,19,56.0,completed
copd,1,demo_protein_blood_top50,0.7773484603582662,41102,10276,77,19,56.0,completed
copd,2,demo_protein,0.8069063708614901,41102,10276,163,46,2926.0,completed
copd,2,demo_blood,0.7320625610948192,41102,10276,163,46,67.0,completed
copd,2,demo_protein_blood,0.7872816524289175,41102,10276,163,46,2987.0,completed
copd,2,demo_protein_top50,0.7798259594542903,41102,10276,163,46,56.0,completed
copd,2,demo_blood_top50,0.7334714607505631,41102,10276,163,46,56.0,completed
copd,2,demo_protein_blood_top50,0.7843682264439628,41102,10276,163,46,56.0,completed
copd,5,demo_protein,0.8560337008366565,41102,10276,506,126,2926.0,completed
copd,5,demo_blood,0.7916224880756901,41102,10276,506,126,67.0,completed
copd,5,demo_protein_blood,0.8512964266166236,41102,10276,506,126,2987.0,completed
copd,5,demo_protein_top50,0.8525107514270075,41102,10276,506,126,56.0,completed
copd,5,demo_blood_top50,0.7939964031589647,41102,10276,506,126,56.0,completed
copd,5,demo_protein_blood_top50,0.8546313237938854,41102,10276,506,126,56.0,completed
copd,10,demo_protein,0.8320525167752051,41102,10276,1249,299,2926.0,completed
copd,10,demo_blood,0.7682574603863133,41102,10276,1249,299,67.0,completed
copd,10,demo_protein_blood,0.8298253206455115,41102,10276,1249,299,2987.0,completed
copd,10,demo_protein_top50,0.8266506275470371,41102,10276,1249,299,56.0,completed
copd,10,demo_blood_top50,0.7678022327607679,41102,10276,1249,299,56.0,completed
copd,10,demo_protein_blood_top50,0.8264267011450752,41102,10276,1249,299,56.0,completed
depression,0,demo_protein,0.6636829621516112,42077,10520,3773,943,2926.0,completed
depression,0,demo_blood,0.6369215260448021,42077,10520,3773,943,67.0,completed
depression,0,demo_protein_blood,0.6627027394525435,42077,10520,3773,943,2987.0,completed
depression,0,demo_protein_top50,0.6639263984242912,42077,10520,3773,943,56.0,completed
depression,0,demo_blood_top50,0.6368141195474177,42077,10520,3773,943,56.0,completed
depression,0,demo_protein_blood_top50,0.6633125204639829,42077,10520,3773,943,56.0,completed
depression,1,demo_protein,0.6105894105894105,38304,9577,86,22,2926.0,completed
depression,1,demo_blood,0.6119927691356262,38304,9577,86,22,67.0,completed
depression,1,demo_protein_blood,0.6186599115170544,38304,9577,86,22,2987.0,completed
depression,1,demo_protein_top50,0.6602159745016888,38304,9577,86,22,56.0,completed
depression,1,demo_blood_top50,0.6279292136434993,38304,9577,86,22,56.0,completed
depression,1,demo_protein_blood_top50,0.6602159745016888,38304,9577,86,22,56.0,completed
depression,2,demo_protein,0.5891974011418164,38304,9577,206,60,2926.0,completed
depression,2,demo_blood,0.6095338166789255,38304,9577,206,60,67.0,completed
depression,2,demo_protein_blood,0.6389793702497285,38304,9577,206,60,2987.0,completed
depression,2,demo_protein_top50,0.6014010017162271,38304,9577,206,60,56.0,completed
depression,2,demo_blood_top50,0.6239291093131589,38304,9577,206,60,56.0,completed
depression,2,demo_protein_blood_top50,0.6014010017162271,38304,9577,206,60,56.0,completed
depression,5,demo_protein,0.6413830175666356,38304,9577,626,157,2926.0,completed
depression,5,demo_blood,0.6615687587055594,38304,9577,626,157,67.0,completed
depression,5,demo_protein_blood,0.6463003908204525,38304,9577,626,157,2987.0,completed
depression,5,demo_protein_top50,0.6395279727372306,38304,9577,626,157,56.0,completed
depression,5,demo_blood_top50,0.6493133595683395,38304,9577,626,157,56.0,completed
depression,5,demo_protein_blood_top50,0.6271197614507689,38304,9577,626,157,56.0,completed
depression,10,demo_protein,0.6204990914657397,38304,9577,1398,349,2926.0,completed
depression,10,demo_blood,0.6376974338719954,38304,9577,1398,349,67.0,completed
depression,10,demo_protein_blood,0.6320242180581587,38304,9577,1398,349,2987.0,completed
depression,10,demo_protein_top50,0.6138012129522334,38304,9577,1398,349,56.0,completed
depression,10,demo_blood_top50,0.6411932414490346,38304,9577,1398,349,56.0,completed
depression,10,demo_protein_blood_top50,0.6138012129522334,38304,9577,1398,349,56.0,completed
end_stage_renal_disease,0,demo_protein,0.9155168337550365,42077,10520,230,57,2926.0,completed
end_stage_renal_disease,0,demo_blood,0.929759168062563,42077,10520,230,57,67.0,completed
end_stage_renal_disease,0,demo_protein_blood,0.9218147155138157,42077,10520,230,57,2987.0,completed
end_stage_renal_disease,0,demo_protein_top50,0.9156685798410775,42077,10520,230,57,56.0,completed
end_stage_renal_disease,0,demo_blood_top50,0.9277722165492102,42077,10520,230,57,56.0,completed
end_stage_renal_disease,0,demo_protein_blood_top50,0.9274527952299749,42077,10520,230,57,56.0,completed
end_stage_renal_disease,1,demo_protein,0.6566414841732812,41847,10463,22,6,2926.0,completed
end_stage_renal_disease,1,demo_blood,0.7103535112046158,41847,10463,22,6,67.0,completed
end_stage_renal_disease,1,demo_protein_blood,0.6882471072009181,41847,10463,22,6,2987.0,completed
end_stage_renal_disease,1,demo_protein_top50,0.5963708520608205,41847,10463,22,6,56.0,completed
end_stage_renal_disease,1,demo_blood_top50,0.6602754135985465,41847,10463,22,6,56.0,completed
end_stage_renal_disease,1,demo_protein_blood_top50,0.5989608236906697,41847,10463,22,6,56.0,completed
end_stage_renal_disease,2,demo_protein,0.8288157223072996,41847,10463,47,15,2926.0,completed
end_stage_renal_disease,2,demo_blood,0.8560234813680447,41847,10463,47,15,67.0,completed
end_stage_renal_disease,2,demo_protein_blood,0.8119831546707503,41847,10463,47,15,2987.0,completed
end_stage_renal_disease,2,demo_protein_top50,0.8626978050025523,41847,10463,47,15,56.0,completed
end_stage_renal_disease,2,demo_blood_top50,0.87736089841756,41847,10463,47,15,56.0,completed
end_stage_renal_disease,2,demo_protein_blood_top50,0.8626978050025523,41847,10463,47,15,56.0,completed
end_stage_renal_disease,5,demo_protein,0.8807875914040297,41847,10463,92,24,2926.0,completed
end_stage_renal_disease,5,demo_blood,0.865723887984162,41847,10463,92,24,67.0,completed
end_stage_renal_disease,5,demo_protein_blood,0.8935881470128044,41847,10463,92,24,2987.0,completed
end_stage_renal_disease,5,demo_protein_top50,0.8443576970974231,41847,10463,92,24,56.0,completed
end_stage_renal_disease,5,demo_blood_top50,0.8586710093559408,41847,10463,92,24,56.0,completed
end_stage_renal_disease,5,demo_protein_blood_top50,0.8173855254334708,41847,10463,92,24,56.0,completed
end_stage_renal_disease,10,demo_protein,0.8601036165786526,41847,10463,194,48,2926.0,completed
end_stage_renal_disease,10,demo_blood,0.8560269643142903,41847,10463,194,48,67.0,completed
end_stage_renal_disease,10,demo_protein_blood,0.8583633381341014,41847,10463,194,48,2987.0,completed
end_stage_renal_disease,10,demo_protein_top50,0.8412095935349655,41847,10463,194,48,56.0,completed
end_stage_renal_disease,10,demo_blood_top50,0.867150744119059,41847,10463,194,48,56.0,completed
end_stage_renal_disease,10,demo_protein_blood_top50,0.8415636501840293,41847,10463,194,48,56.0,completed
heart_failure,0,demo_protein,0.9456913162501616,42077,10520,390,98,2926.0,completed
heart_failure,0,demo_blood,0.8861689753621655,42077,10520,390,98,67.0,completed
heart_failure,0,demo_protein_blood,0.9456208217311104,42077,10520,390,98,2987.0,completed
heart_failure,0,demo_protein_top50,0.9444351430842919,42077,10520,390,98,56.0,completed
heart_failure,0,demo_blood_top50,0.8812275053947889,42077,10520,390,98,56.0,completed
heart_failure,0,demo_protein_blood_top50,0.9364227556307496,42077,10520,390,98,56.0,completed
heart_failure,1,demo_protein,0.9669517312065596,41687,10422,59,15,2926.0,completed
heart_failure,1,demo_blood,0.827862656545274,41687,10422,59,15,67.0,completed
heart_failure,1,demo_protein_blood,0.9789756894398002,41687,10422,59,15,2987.0,completed
heart_failure,1,demo_protein_top50,0.9751321226097818,41687,10422,59,15,56.0,completed
heart_failure,1,demo_blood_top50,0.8249191249479517,41687,10422,59,15,56.0,completed
heart_failure,1,demo_protein_blood_top50,0.9754972614586337,41687,10422,59,15,56.0,completed
heart_failure,2,demo_protein,0.869811404982367,41687,10422,136,41,2926.0,completed
heart_failure,2,demo_blood,0.8398739723838813,41687,10422,136,41,67.0,completed
heart_failure,2,demo_protein_blood,0.8626031140380762,41687,10422,136,41,2987.0,completed
heart_failure,2,demo_protein_top50,0.8532250523352936,41687,10422,136,41,56.0,completed
heart_failure,2,demo_blood_top50,0.8208406070189206,41687,10422,136,41,56.0,completed
heart_failure,2,demo_protein_blood_top50,0.8587922118504492,41687,10422,136,41,56.0,completed
heart_failure,5,demo_protein,0.8805346557227542,41687,10422,409,102,2926.0,completed
heart_failure,5,demo_blood,0.8245915032679738,41687,10422,409,102,67.0,completed
heart_failure,5,demo_protein_blood,0.8660296967624259,41687,10422,409,102,2987.0,completed
heart_failure,5,demo_protein_top50,0.8704856361149111,41687,10422,409,102,56.0,completed
heart_failure,5,demo_blood_top50,0.8090045029639763,41687,10422,409,102,56.0,completed
heart_failure,5,demo_protein_blood_top50,0.8711606057151542,41687,10422,409,102,56.0,completed
heart_failure,10,demo_protein,0.8303163512246982,41687,10422,1112,282,2926.0,completed
heart_failure,10,demo_blood,0.8012525004546281,41687,10422,1112,282,67.0,completed
heart_failure,10,demo_protein_blood,0.8280662917733295,41687,10422,1112,282,2987.0,completed
heart_failure,10,demo_protein_top50,0.8308923300739997,41687,10422,1112,282,56.0,completed
heart_failure,10,demo_blood_top50,0.8037480590876662,41687,10422,1112,282,56.0,completed
heart_failure,10,demo_protein_blood_top50,0.8308395232699651,41687,10422,1112,282,56.0,completed
hypertensive_heart_kidney_diseases,0,demo_protein,0.9411350681025392,42077,10520,146,37,2926.0,completed
hypertensive_heart_kidney_diseases,0,demo_blood,0.9352336214875565,42077,10520,146,37,67.0,completed
hypertensive_heart_kidney_diseases,0,demo_protein_blood,0.9477094188531754,42077,10520,146,37,2987.0,completed
hypertensive_heart_kidney_diseases,0,demo_protein_top50,0.8999396706637002,42077,10520,146,37,56.0,completed
hypertensive_heart_kidney_diseases,0,demo_blood_top50,0.9395726929829763,42077,10520,146,37,56.0,completed
hypertensive_heart_kidney_diseases,0,demo_protein_blood_top50,0.914414844110542,42077,10520,146,37,56.0,completed
hypertensive_heart_kidney_diseases,1,demo_protein,0.946478155648962,41931,10483,60,15,2926.0,completed
hypertensive_heart_kidney_diseases,1,demo_blood,0.9822952490128646,41931,10483,60,15,67.0,completed
hypertensive_heart_kidney_diseases,1,demo_protein_blood,0.9790663609731244,41931,10483,60,15,2987.0,completed
hypertensive_heart_kidney_diseases,1,demo_protein_top50,0.961412558909693,41931,10483,60,15,56.0,completed
hypertensive_heart_kidney_diseases,1,demo_blood_top50,0.9772895172589479,41931,10483,60,15,56.0,completed
hypertensive_heart_kidney_diseases,1,demo_protein_blood_top50,0.9856706152082537,41931,10483,60,15,56.0,completed
hypertensive_heart_kidney_diseases,2,demo_protein,0.9290838286534127,41931,10483,128,28,2926.0,completed
hypertensive_heart_kidney_diseases,2,demo_blood,0.9524595203935232,41931,10483,128,28,67.0,completed
hypertensive_heart_kidney_diseases,2,demo_protein_blood,0.9327714012434243,41931,10483,128,28,2987.0,completed
hypertensive_heart_kidney_diseases,2,demo_protein_top50,0.9161645145863223,41931,10483,128,28,56.0,completed
hypertensive_heart_kidney_diseases,2,demo_blood_top50,0.9529480084716814,41931,10483,128,28,56.0,completed
hypertensive_heart_kidney_diseases,2,demo_protein_blood_top50,0.923206599713056,41931,10483,128,28,56.0,completed
hypertensive_heart_kidney_diseases,5,demo_protein,0.8955734188498596,41931,10483,217,54,2926.0,completed
hypertensive_heart_kidney_diseases,5,demo_blood,0.8976509590422719,41931,10483,217,54,67.0,completed
hypertensive_heart_kidney_diseases,5,demo_protein_blood,0.8898486414307683,41931,10483,217,54,2987.0,completed
hypertensive_heart_kidney_diseases,5,demo_protein_top50,0.8954828594055748,41931,10483,217,54,56.0,completed
hypertensive_heart_kidney_diseases,5,demo_blood_top50,0.8919448262146508,41931,10483,217,54,56.0,completed
hypertensive_heart_kidney_diseases,5,demo_protein_blood_top50,0.8969850807754729,41931,10483,217,54,56.0,completed
hypertensive_heart_kidney_diseases,10,demo_protein,0.8889101535168952,41931,10483,263,70,2926.0,completed
hypertensive_heart_kidney_diseases,10,demo_blood,0.8724465297499006,41931,10483,263,70,67.0,completed
hypertensive_heart_kidney_diseases,10,demo_protein_blood,0.899681030579907,41931,10483,263,70,2987.0,completed
hypertensive_heart_kidney_diseases,10,demo_protein_top50,0.883600170117024,41931,10483,263,70,56.0,completed
hypertensive_heart_kidney_diseases,10,demo_blood_top50,0.8661412245681909,41931,10483,263,70,56.0,completed
hypertensive_heart_kidney_diseases,10,demo_protein_blood_top50,0.8866067141348041,41931,10483,263,70,56.0,completed
ischemic_heart_disease,0,demo_protein,0.875177688680585,42077,10520,2611,653,2926.0,completed
ischemic_heart_disease,0,demo_blood,0.8606400036255553,42077,10520,2611,653,67.0,completed
ischemic_heart_disease,0,demo_protein_blood,0.8796567859421578,42077,10520,2611,653,2987.0,completed
ischemic_heart_disease,0,demo_protein_top50,0.8696780503824915,42077,10520,2611,653,56.0,completed
ischemic_heart_disease,0,demo_blood_top50,0.85944749703988,42077,10520,2611,653,56.0,completed
ischemic_heart_disease,0,demo_protein_blood_top50,0.875440137907679,42077,10520,2611,653,56.0,completed
ischemic_heart_disease,1,demo_protein,0.7464951125188029,39466,9867,162,41,2926.0,completed
ischemic_heart_disease,1,demo_blood,0.6762620821811719,39466,9867,162,41,67.0,completed
ischemic_heart_disease,1,demo_protein_blood,0.7256308549244662,39466,9867,162,41,2987.0,completed
ischemic_heart_disease,1,demo_protein_top50,0.6753362160122721,39466,9867,162,41,56.0,completed
ischemic_heart_disease,1,demo_blood_top50,0.6634488887123758,39466,9867,162,41,56.0,completed
ischemic_heart_disease,1,demo_protein_blood_top50,0.6754057180303128,39466,9867,162,41,56.0,completed
ischemic_heart_disease,2,demo_protein,0.7330783209341085,39466,9867,364,102,2926.0,completed
ischemic_heart_disease,2,demo_blood,0.720196178829955,39466,9867,364,102,67.0,completed
ischemic_heart_disease,2,demo_protein_blood,0.7356746282742488,39466,9867,364,102,2987.0,completed
ischemic_heart_disease,2,demo_protein_top50,0.7158418923124805,39466,9867,364,102,56.0,completed
ischemic_heart_disease,2,demo_blood_top50,0.7212247623063563,39466,9867,364,102,56.0,completed
ischemic_heart_disease,2,demo_protein_blood_top50,0.7206931518126964,39466,9867,364,102,56.0,completed
ischemic_heart_disease,5,demo_protein,0.7267770490560315,39466,9867,1096,275,2926.0,completed
ischemic_heart_disease,5,demo_blood,0.7156495943589356,39466,9867,1096,275,67.0,completed
ischemic_heart_disease,5,demo_protein_blood,0.728164000303283,39466,9867,1096,275,2987.0,completed
ischemic_heart_disease,5,demo_protein_top50,0.7353703844112518,39466,9867,1096,275,56.0,completed
ischemic_heart_disease,5,demo_blood_top50,0.7147255288497991,39466,9867,1096,275,56.0,completed
ischemic_heart_disease,5,demo_protein_blood_top50,0.736015619076503,39466,9867,1096,275,56.0,completed
ischemic_heart_disease,10,demo_protein,0.7214784883873885,39466,9867,2459,634,2926.0,completed
ischemic_heart_disease,10,demo_blood,0.7102102730536228,39466,9867,2459,634,67.0,completed
ischemic_heart_disease,10,demo_protein_blood,0.7210670407648331,39466,9867,2459,634,2987.0,completed
ischemic_heart_disease,10,demo_protein_top50,0.7202099792234753,39466,9867,2459,634,56.0,completed
ischemic_heart_disease,10,demo_blood_top50,0.71058046487346,39466,9867,2459,634,56.0,completed
ischemic_heart_disease,10,demo_protein_blood_top50,0.7225240624682894,39466,9867,2459,634,56.0,completed
liver_disease,0,demo_protein,0.7527803567109177,42077,10520,433,108,2926.0,completed
liver_disease,0,demo_blood,0.7766768401132597,42077,10520,433,108,67.0,completed
liver_disease,0,demo_protein_blood,0.7617559333247961,42077,10520,433,108,2987.0,completed
liver_disease,0,demo_protein_top50,0.7612010180560891,42077,10520,433,108,56.0,completed
liver_disease,0,demo_blood_top50,0.7569800159360283,42077,10520,433,108,56.0,completed
liver_disease,0,demo_protein_blood_top50,0.7637048064199428,42077,10520,433,108,56.0,completed
liver_disease,1,demo_protein,0.7172275641025642,41644,10412,48,12,2926.0,completed
liver_disease,1,demo_blood,0.7157692307692307,41644,10412,48,12,67.0,completed
liver_disease,1,demo_protein_blood,0.7146794871794871,41644,10412,48,12,2987.0,completed
liver_disease,1,demo_protein_top50,0.734423076923077,41644,10412,48,12,56.0,completed
liver_disease,1,demo_blood_top50,0.6322355769230769,41644,10412,48,12,56.0,completed
liver_disease,1,demo_protein_blood_top50,0.7081730769230768,41644,10412,48,12,56.0,completed
liver_disease,2,demo_protein,0.7678684072328168,41644,10412,114,31,2926.0,completed
liver_disease,2,demo_blood,0.7361650161119415,41644,10412,114,31,67.0,completed
liver_disease,2,demo_protein_blood,0.7785998614093366,41644,10412,114,31,2987.0,completed
liver_disease,2,demo_protein_top50,0.7572037624568458,41644,10412,114,31,56.0,completed
liver_disease,2,demo_blood_top50,0.7462858634415852,41644,10412,114,31,56.0,completed
liver_disease,2,demo_protein_blood_top50,0.7550145893086314,41644,10412,114,31,56.0,completed
liver_disease,5,demo_protein,0.772334438161393,41644,10412,364,91,2926.0,completed
liver_disease,5,demo_blood,0.7677193942575204,41644,10412,364,91,67.0,completed
liver_disease,5,demo_protein_blood,0.7766258061287612,41644,10412,364,91,2987.0,completed
liver_disease,5,demo_protein_top50,0.7672509159283696,41644,10412,364,91,56.0,completed
liver_disease,5,demo_blood_top50,0.7562076040421162,41644,10412,364,91,56.0,completed
liver_disease,5,demo_protein_blood_top50,0.7675304058406471,41644,10412,364,91,56.0,completed
liver_disease,10,demo_protein,0.7410464535464536,41644,10412,938,220,2926.0,completed
liver_disease,10,demo_blood,0.720413961038961,41644,10412,938,220,67.0,completed
liver_disease,10,demo_protein_blood,0.7400008473669187,41644,10412,938,220,2987.0,completed
liver_disease,10,demo_protein_top50,0.7388205544455544,41644,10412,938,220,56.0,completed
liver_disease,10,demo_blood_top50,0.716932620950478,41644,10412,938,220,56.0,completed
liver_disease,10,demo_protein_blood_top50,0.7388205544455544,41644,10412,938,220,56.0,completed
lower_respiratory_disease,0,demo_protein,0.6082519187770073,42077,10520,994,248,2926.0,completed
lower_respiratory_disease,0,demo_blood,0.5976980564139281,42077,10520,994,248,67.0,completed
lower_respiratory_disease,0,demo_protein_blood,0.6123762294618631,42077,10520,994,248,2987.0,completed
lower_respiratory_disease,0,demo_protein_top50,0.609622501821425,42077,10520,994,248,56.0,completed
lower_respiratory_disease,0,demo_blood_top50,0.5933433197668576,42077,10520,994,248,56.0,completed
lower_respiratory_disease,0,demo_protein_blood_top50,0.6169411758240377,42077,10520,994,248,56.0,completed
lower_respiratory_disease,1,demo_protein,0.8208177435197613,41083,10272,50,13,2926.0,completed
lower_respiratory_disease,1,demo_blood,0.7912002219439591,41083,10272,50,13,67.0,completed
lower_respiratory_disease,1,demo_protein_blood,0.8154266047822926,41083,10272,50,13,2987.0,completed
lower_respiratory_disease,1,demo_protein_top50,0.8528271611418117,41083,10272,50,13,56.0,completed
lower_respiratory_disease,1,demo_blood_top50,0.7883734357074839,41083,10272,50,13,56.0,completed
lower_respiratory_disease,1,demo_protein_blood_top50,0.8528271611418117,41083,10272,50,13,56.0,completed
lower_respiratory_disease,2,demo_protein,0.7737525799074023,41083,10272,118,28,2926.0,completed
lower_respiratory_disease,2,demo_blood,0.7459906844424611,41083,10272,118,28,67.0,completed
lower_respiratory_disease,2,demo_protein_blood,0.7626276008255704,41083,10272,118,28,2987.0,completed
lower_respiratory_disease,2,demo_protein_top50,0.8479946449489597,41083,10272,118,28,56.0,completed
lower_respiratory_disease,2,demo_blood_top50,0.7281195961399007,41083,10272,118,28,56.0,completed
lower_respiratory_disease,2,demo_protein_blood_top50,0.8416494672839849,41083,10272,118,28,56.0,completed
lower_respiratory_disease,5,demo_protein,0.7413220735879746,41083,10272,334,84,2926.0,completed
lower_respiratory_disease,5,demo_blood,0.6846780526109149,41083,10272,334,84,67.0,completed
lower_respiratory_disease,5,demo_protein_blood,0.7260274692916036,41083,10272,334,84,2987.0,completed
lower_respiratory_disease,5,demo_protein_top50,0.6993545160506291,41083,10272,334,84,56.0,completed
lower_respiratory_disease,5,demo_blood_top50,0.6836754725447305,41083,10272,334,84,56.0,completed
lower_respiratory_disease,5,demo_protein_blood_top50,0.6993545160506291,41083,10272,334,84,56.0,completed
lower_respiratory_disease,10,demo_protein,0.7466334794106125,41083,10272,761,201,2926.0,completed
lower_respiratory_disease,10,demo_blood,0.7182242397386516,41083,10272,761,201,67.0,completed
lower_respiratory_disease,10,demo_protein_blood,0.7481846551178177,41083,10272,761,201,2987.0,completed
lower_respiratory_disease,10,demo_protein_top50,0.7413295947034759,41083,10272,761,201,56.0,completed
lower_respiratory_disease,10,demo_blood_top50,0.7200364970895696,41083,10272,761,201,56.0,completed
lower_respiratory_disease,10,demo_protein_blood_top50,0.7413295947034759,41083,10272,761,201,56.0,completed
other_dementia,0,demo_protein,0.740177891933029,42077,10520,34,8,2926.0,completed
other_dementia,0,demo_blood,0.6294948630136986,42077,10520,34,8,67.0,completed
other_dementia,0,demo_protein_blood,0.7672659817351598,42077,10520,34,8,2987.0,completed
other_dementia,0,demo_protein_top50,0.8083975456621005,42077,10520,34,8,56.0,completed
other_dementia,0,demo_blood_top50,0.5721675228310503,42077,10520,34,8,56.0,completed
other_dementia,0,demo_protein_blood_top50,0.8083975456621005,42077,10520,34,8,56.0,completed
other_dementia,1,demo_protein,,42043,10512,8,2,,insufficient_positives
other_dementia,1,demo_blood,,42043,10512,8,2,,insufficient_positives
other_dementia,1,demo_protein_blood,,42043,10512,8,2,,insufficient_positives
other_dementia,1,demo_protein_top50,,42043,10512,8,2,,insufficient_positives
other_dementia,1,demo_blood_top50,,42043,10512,8,2,,insufficient_positives
other_dementia,1,demo_protein_blood_top50,,42043,10512,8,2,,insufficient_positives
other_dementia,2,demo_protein,0.937357251617815,42043,10512,24,4,2926.0,completed
other_dementia,2,demo_blood,0.7145746098210888,42043,10512,24,4,67.0,completed
other_dementia,2,demo_protein_blood,0.915754663113818,42043,10512,24,4,2987.0,completed
other_dementia,2,demo_protein_top50,0.9414493719071184,42043,10512,24,4,56.0,completed
other_dementia,2,demo_blood_top50,0.7163113818043395,42043,10512,24,4,56.0,completed
other_dementia,2,demo_protein_blood_top50,0.9424248191853826,42043,10512,24,4,56.0,completed
other_dementia,5,demo_protein,0.8937031987221116,42043,10512,122,31,2926.0,completed
other_dementia,5,demo_blood,0.8033153694396311,42043,10512,122,31,67.0,completed
other_dementia,5,demo_protein_blood,0.8918811613026336,42043,10512,122,31,2987.0,completed
other_dementia,5,demo_protein_top50,0.8721711484067945,42043,10512,122,31,56.0,completed
other_dementia,5,demo_blood_top50,0.7934311242155544,42043,10512,122,31,56.0,completed
other_dementia,5,demo_protein_blood_top50,0.8708015425762747,42043,10512,122,31,56.0,completed
other_dementia,10,demo_protein,0.8716478877516931,42043,10512,486,114,2926.0,completed
other_dementia,10,demo_blood,0.8013712151122179,42043,10512,486,114,67.0,completed
other_dementia,10,demo_protein_blood,0.8708477170036073,42043,10512,486,114,2987.0,completed
other_dementia,10,demo_protein_top50,0.8585439845044425,42043,10512,486,114,56.0,completed
other_dementia,10,demo_blood_top50,0.7993807007420456,42043,10512,486,114,56.0,completed
other_dementia,10,demo_protein_blood_top50,0.8612819435586466,42043,10512,486,114,56.0,completed
parkinsons,0,demo_protein,0.8896864273455377,42077,10520,126,32,2926.0,completed
parkinsons,0,demo_blood,0.7614356884057971,42077,10520,126,32,67.0,completed
parkinsons,0,demo_protein_blood,0.8936701468344775,42077,10520,126,32,2987.0,completed
parkinsons,0,demo_protein_top50,0.8907501430205951,42077,10520,126,32,56.0,completed
parkinsons,0,demo_blood_top50,0.7522913091151793,42077,10520,126,32,56.0,completed
parkinsons,0,demo_protein_blood_top50,0.8884141399694888,42077,10520,126,32,56.0,completed
parkinsons,1,demo_protein,0.5427600190839694,41951,10488,31,8,2926.0,completed
parkinsons,1,demo_blood,0.7120706106870229,41951,10488,31,8,67.0,completed
parkinsons,1,demo_protein_blood,0.5216722328244275,41951,10488,31,8,2987.0,completed
parkinsons,1,demo_protein_top50,0.4899451335877863,41951,10488,31,8,56.0,completed
parkinsons,1,demo_blood_top50,0.7296159351145038,41951,10488,31,8,56.0,completed
parkinsons,1,demo_protein_blood_top50,0.5092795801526717,41951,10488,31,8,56.0,completed
parkinsons,2,demo_protein,0.6706216577540107,41951,10488,81,16,2926.0,completed
parkinsons,2,demo_blood,0.712149064171123,41951,10488,81,16,67.0,completed
parkinsons,2,demo_protein_blood,0.6797889610389609,41951,10488,81,16,2987.0,completed
parkinsons,2,demo_protein_top50,0.634713402406417,41951,10488,81,16,56.0,completed
parkinsons,2,demo_blood_top50,0.7027251241405652,41951,10488,81,16,56.0,completed
parkinsons,2,demo_protein_blood_top50,0.6205028886554622,41951,10488,81,16,56.0,completed
parkinsons,5,demo_protein,0.8661942226441315,41951,10488,307,77,2926.0,completed
parkinsons,5,demo_blood,0.752671687164051,41951,10488,307,77,67.0,completed
parkinsons,5,demo_protein_blood,0.863074395588083,41951,10488,307,77,2987.0,completed
parkinsons,5,demo_protein_top50,0.881778388742177,41951,10488,307,77,56.0,completed
parkinsons,5,demo_blood_top50,0.7532355263601062,41951,10488,307,77,56.0,completed
parkinsons,5,demo_protein_blood_top50,0.8912788297093359,41951,10488,307,77,56.0,completed
parkinsons,10,demo_protein,0.8549232084263931,41951,10488,506,126,2926.0,completed
parkinsons,10,demo_blood,0.7719850920487863,41951,10488,506,126,67.0,completed
parkinsons,10,demo_protein_blood,0.8563087655444342,41951,10488,506,126,2987.0,completed
parkinsons,10,demo_protein_top50,0.8663377787581608,41951,10488,506,126,56.0,completed
parkinsons,10,demo_blood_top50,0.769451414355873,41951,10488,506,126,56.0,completed
parkinsons,10,demo_protein_blood_top50,0.8658460553365012,41951,10488,506,126,56.0,completed
peripheral_vascular_disease,0,demo_protein,0.7431075006523338,42077,10520,784,196,2926.0,completed
peripheral_vascular_disease,0,demo_blood,0.7110406008587085,42077,10520,784,196,67.0,completed
peripheral_vascular_disease,0,demo_protein_blood,0.7332982786295456,42077,10520,784,196,2987.0,completed
peripheral_vascular_disease,0,demo_protein_top50,0.7387618210786833,42077,10520,784,196,56.0,completed
peripheral_vascular_disease,0,demo_blood_top50,0.7127134416339183,42077,10520,784,196,56.0,completed
peripheral_vascular_disease,0,demo_protein_blood_top50,0.7387618210786833,42077,10520,784,196,56.0,completed
peripheral_vascular_disease,1,demo_protein,0.751525540677491,41293,10324,72,18,2926.0,completed
peripheral_vascular_disease,1,demo_blood,0.6129816503870452,41293,10324,72,18,67.0,completed
peripheral_vascular_disease,1,demo_protein_blood,0.7313107790499601,41293,10324,72,18,2987.0,completed
peripheral_vascular_disease,1,demo_protein_top50,0.6722351596696639,41293,10324,72,18,56.0,completed
peripheral_vascular_disease,1,demo_blood_top50,0.639449511611359,41293,10324,72,18,56.0,completed
peripheral_vascular_disease,1,demo_protein_blood_top50,0.7206427755137245,41293,10324,72,18,56.0,completed
peripheral_vascular_disease,2,demo_protein,0.7340089500517307,41293,10324,156,39,2926.0,completed
peripheral_vascular_disease,2,demo_blood,0.7053039651970132,41293,10324,156,39,67.0,completed
peripheral_vascular_disease,2,demo_protein_blood,0.7636949503259663,41293,10324,156,39,2987.0,completed
peripheral_vascular_disease,2,demo_protein_top50,0.7454744898595166,41293,10324,156,39,56.0,completed
peripheral_vascular_disease,2,demo_blood_top50,0.7198683669271904,41293,10324,156,39,56.0,completed
peripheral_vascular_disease,2,demo_protein_blood_top50,0.7526619548009922,41293,10324,156,39,56.0,completed
peripheral_vascular_disease,5,demo_protein,0.7378465490052701,41293,10324,424,106,2926.0,completed
peripheral_vascular_disease,5,demo_blood,0.7101987982731177,41293,10324,424,106,67.0,completed
peripheral_vascular_disease,5,demo_protein_blood,0.7326642403158319,41293,10324,424,106,2987.0,completed
peripheral_vascular_disease,5,demo_protein_top50,0.7216320994766912,41293,10324,424,106,56.0,completed
peripheral_vascular_disease,5,demo_blood_top50,0.707757213500408,41293,10324,424,106,56.0,completed
peripheral_vascular_disease,5,demo_protein_blood_top50,0.7224967408605605,41293,10324,424,106,56.0,completed
peripheral_vascular_disease,10,demo_protein,0.746631447771133,41293,10324,1019,248,2926.0,completed
peripheral_vascular_disease,10,demo_blood,0.7213289883978538,41293,10324,1019,248,67.0,completed
peripheral_vascular_disease,10,demo_protein_blood,0.7493180857739246,41293,10324,1019,248,2987.0,completed
peripheral_vascular_disease,10,demo_protein_top50,0.7421251712789252,41293,10324,1019,248,56.0,completed
peripheral_vascular_disease,10,demo_blood_top50,0.7227622488442674,41293,10324,1019,248,56.0,completed
peripheral_vascular_disease,10,demo_protein_blood_top50,0.7460213666457504,41293,10324,1019,248,56.0,completed
stroke,0,demo_protein,0.7407521029283621,42077,10520,852,213,2926.0,completed
stroke,0,demo_blood,0.7492902175512244,42077,10520,852,213,67.0,completed
stroke,0,demo_protein_blood,0.752181502065008,42077,10520,852,213,2987.0,completed
stroke,0,demo_protein_top50,0.7002406405054955,42077,10520,852,213,56.0,completed
stroke,0,demo_blood_top50,0.742540622604356,42077,10520,852,213,56.0,completed
stroke,0,demo_protein_blood_top50,0.7456088687618744,42077,10520,852,213,56.0,completed
stroke,1,demo_protein,0.7483793517406964,41225,10307,67,17,2926.0,completed
stroke,1,demo_blood,0.6631909906819871,41225,10307,67,17,67.0,completed
stroke,1,demo_protein_blood,0.7557937460698565,41225,10307,67,17,2987.0,completed
stroke,1,demo_protein_top50,0.6610787172011662,41225,10307,67,17,56.0,completed
stroke,1,demo_blood_top50,0.653655748013491,41225,10307,67,17,56.0,completed
stroke,1,demo_protein_blood_top50,0.6610787172011662,41225,10307,67,17,56.0,completed
stroke,2,demo_protein,0.7111669767465698,41225,10307,131,38,2926.0,completed
stroke,2,demo_blood,0.6955425373249073,41225,10307,131,38,67.0,completed
stroke,2,demo_protein_blood,0.7105596301592427,41225,10307,131,38,2987.0,completed
stroke,2,demo_protein_top50,0.702711533434814,41225,10307,131,38,56.0,completed
stroke,2,demo_blood_top50,0.6838081912347331,41225,10307,131,38,56.0,completed
stroke,2,demo_protein_blood_top50,0.702711533434814,41225,10307,131,38,56.0,completed
stroke,5,demo_protein,0.7116255194528975,41225,10307,478,120,2926.0,completed
stroke,5,demo_blood,0.7114848172507444,41225,10307,478,120,67.0,completed
stroke,5,demo_protein_blood,0.7143254474657244,41225,10307,478,120,2987.0,completed
stroke,5,demo_protein_top50,0.717006969667223,41225,10307,478,120,56.0,completed
stroke,5,demo_blood_top50,0.6914895618598869,41225,10307,478,120,56.0,completed
stroke,5,demo_protein_blood_top50,0.714206832237165,41225,10307,478,120,56.0,completed
stroke,10,demo_protein,0.7125361160479363,41225,10307,1253,302,2926.0,completed
stroke,10,demo_blood,0.7058902667871362,41225,10307,1253,302,67.0,completed
stroke,10,demo_protein_blood,0.7147363404390521,41225,10307,1253,302,2987.0,completed
stroke,10,demo_protein_top50,0.713042154419479,41225,10307,1253,302,56.0,completed
stroke,10,demo_blood_top50,0.7021730856426092,41225,10307,1253,302,56.0,completed
stroke,10,demo_protein_blood_top50,0.7101106731402511,41225,10307,1253,302,56.0,completed
type_1_diabetes,0,demo_protein,0.9598701222672631,42077,10520,267,67,2926.0,completed
type_1_diabetes,0,demo_blood,0.9766017325598165,42077,10520,267,67,67.0,completed
type_1_diabetes,0,demo_protein_blood,0.9787249536303939,42077,10520,267,67,2987.0,completed
type_1_diabetes,0,demo_protein_top50,0.9339673963484024,42077,10520,267,67,56.0,completed
type_1_diabetes,0,demo_blood_top50,0.9728329080703819,42077,10520,267,67,56.0,completed
type_1_diabetes,0,demo_protein_blood_top50,0.9738631057855276,42077,10520,267,67,56.0,completed
type_1_diabetes,1,demo_protein,0.7231553258685042,41810,10453,18,4,2926.0,completed
type_1_diabetes,1,demo_blood,0.9751650875681883,41810,10453,18,4,67.0,completed
type_1_diabetes,1,demo_protein_blood,0.9593741027849555,41810,10453,18,4,2987.0,completed
type_1_diabetes,1,demo_protein_top50,0.6531127380610585,41810,10453,18,4,56.0,completed
type_1_diabetes,1,demo_blood_top50,0.9694946884869365,41810,10453,18,4,56.0,completed
type_1_diabetes,1,demo_protein_blood_top50,0.9593980285194755,41810,10453,18,4,56.0,completed
type_1_diabetes,2,demo_protein,0.7787084011358923,41810,10453,43,6,2926.0,completed
type_1_diabetes,2,demo_blood,0.9564787339268052,41810,10453,43,6,67.0,completed
type_1_diabetes,2,demo_protein_blood,0.9655882071408061,41810,10453,43,6,2987.0,completed
type_1_diabetes,2,demo_protein_top50,0.760688873998915,41810,10453,43,6,56.0,completed
type_1_diabetes,2,demo_blood_top50,0.9596853961264797,41810,10453,43,6,56.0,completed
type_1_diabetes,2,demo_protein_blood_top50,0.9647905299767079,41810,10453,43,6,56.0,completed
type_1_diabetes,5,demo_protein,0.8690065209052551,41810,10453,102,25,2926.0,completed
type_1_diabetes,5,demo_blood,0.9077502876869966,41810,10453,102,25,67.0,completed
type_1_diabetes,5,demo_protein_blood,0.9132738780207135,41810,10453,102,25,2987.0,completed
type_1_diabetes,5,demo_protein_top50,0.8438089758342922,41810,10453,102,25,56.0,completed
type_1_diabetes,5,demo_blood_top50,0.9088339087073265,41810,10453,102,25,56.0,completed
type_1_diabetes,5,demo_protein_blood_top50,0.904313387034906,41810,10453,102,25,56.0,completed
type_1_diabetes,10,demo_protein,0.8906258581864117,41810,10453,208,49,2926.0,completed
type_1_diabetes,10,demo_blood,0.9274229299562963,41810,10453,208,49,67.0,completed
type_1_diabetes,10,demo_protein_blood,0.9234154446092162,41810,10453,208,49,2987.0,completed
type_1_diabetes,10,demo_protein_top50,0.8400644571554112,41810,10453,208,49,56.0,completed
type_1_diabetes,10,demo_blood_top50,0.9299710080110475,41810,10453,208,49,56.0,completed
type_1_diabetes,10,demo_protein_blood_top50,0.9309763120934649,41810,10453,208,49,56.0,completed
type_2_diabetes,0,demo_protein,0.9364901631721952,42077,10520,1298,324,2926.0,completed
type_2_diabetes,0,demo_blood,0.950595186202287,42077,10520,1298,324,67.0,completed
type_2_diabetes,0,demo_protein_blood,0.9534827262204011,42077,10520,1298,324,2987.0,completed
type_2_diabetes,0,demo_protein_top50,0.9194553722350571,42077,10520,1298,324,56.0,completed
type_2_diabetes,0,demo_blood_top50,0.9501763884650964,42077,10520,1298,324,56.0,completed
type_2_diabetes,0,demo_protein_blood_top50,0.9541181121621164,42077,10520,1298,324,56.0,completed
type_2_diabetes,1,demo_protein,0.8549885493414575,40779,10196,154,38,2926.0,completed
type_2_diabetes,1,demo_blood,0.8947251841949824,40779,10196,154,38,67.0,completed
type_2_diabetes,1,demo_protein_blood,0.8935606884902746,40779,10196,154,38,2987.0,completed
type_2_diabetes,1,demo_protein_top50,0.7946990186630191,40779,10196,154,38,56.0,completed
type_2_diabetes,1,demo_blood_top50,0.895852115522119,40779,10196,154,38,56.0,completed
type_2_diabetes,1,demo_protein_blood_top50,0.8654884405342949,40779,10196,154,38,56.0,completed
type_2_diabetes,2,demo_protein,0.864978060974459,40779,10196,350,87,2926.0,completed
type_2_diabetes,2,demo_blood,0.9090863609643391,40779,10196,350,87,67.0,completed
type_2_diabetes,2,demo_protein_blood,0.9100801266198437,40779,10196,350,87,2987.0,completed
type_2_diabetes,2,demo_protein_top50,0.8474222924149757,40779,10196,350,87,56.0,completed
type_2_diabetes,2,demo_blood_top50,0.9109437021522873,40779,10196,350,87,56.0,completed
type_2_diabetes,2,demo_protein_blood_top50,0.908962993031133,40779,10196,350,87,56.0,completed
type_2_diabetes,5,demo_protein,0.8752961966510087,40779,10196,976,243,2926.0,completed
type_2_diabetes,5,demo_blood,0.9200017861727898,40779,10196,976,243,67.0,completed
type_2_diabetes,5,demo_protein_blood,0.9208961129655058,40779,10196,976,243,2987.0,completed
type_2_diabetes,5,demo_protein_top50,0.8595226783991756,40779,10196,976,243,56.0,completed
type_2_diabetes,5,demo_blood_top50,0.9184643131359365,40779,10196,976,243,56.0,completed
type_2_diabetes,5,demo_protein_blood_top50,0.9072579394760312,40779,10196,976,243,56.0,completed
type_2_diabetes,10,demo_protein,0.861020699753118,40779,10196,2157,538,2926.0,completed
type_2_diabetes,10,demo_blood,0.9057406422319922,40779,10196,2157,538,67.0,completed
type_2_diabetes,10,demo_protein_blood,0.9091243001352578,40779,10196,2157,538,2987.0,completed
type_2_diabetes,10,demo_protein_top50,0.8441163632668489,40779,10196,2157,538,56.0,completed
type_2_diabetes,10,demo_blood_top50,0.9043873907718316,40779,10196,2157,538,56.0,completed
type_2_diabetes,10,demo_protein_blood_top50,0.9058115621158105,40779,10196,2157,538,56.0,completed
